<?xml version="1.0" encoding="UTF-8"?>
<GenRun Id="ROM_P_synth_1" LaunchPart="xc7k160tffg676-2L" LaunchTime="1653300502">
  <File Type="PA-TCL" Name="ROM_P.tcl"/>
  <File Type="REPORTS-TCL" Name="ROM_P_reports.tcl"/>
  <File Type="RDS-RDS" Name="ROM_P.vds"/>
  <File Type="RDS-UTIL" Name="ROM_P_utilization_synth.rpt"/>
  <File Type="RDS-UTIL-PB" Name="ROM_P_utilization_synth.pb"/>
  <File Type="RDS-DCP" Name="ROM_P.dcp"/>
  <FileSet Name="sources" Type="BlockSrcs" RelSrcDir="$PSRCDIR/ROM_P">
    <File Path="$PSRCDIR/sources_1/ip/ROM_P/ROM_P.xci">
      <FileInfo>
        <Attr Name="UsedIn" Val="synthesis"/>
        <Attr Name="UsedIn" Val="implementation"/>
        <Attr Name="UsedIn" Val="simulation"/>
      </FileInfo>
    </File>
    <Config>
      <Option Name="TopModule" Val="ROM_P"/>
      <Option Name="UseBlackboxStub" Val="1"/>
    </Config>
  </FileSet>
  <FileSet Name="constrs_in" Type="BlockSrcs" RelSrcDir="$PSRCDIR/ROM_P">
    <File Path="$PSRCDIR/sources_1/ip/ROM_P/ROM_P.xci">
      <FileInfo>
        <Attr Name="UsedIn" Val="synthesis"/>
        <Attr Name="UsedIn" Val="implementation"/>
        <Attr Name="UsedIn" Val="simulation"/>
      </FileInfo>
    </File>
    <Config>
      <Option Name="TopModule" Val="ROM_P"/>
      <Option Name="UseBlackboxStub" Val="1"/>
    </Config>
  </FileSet>
  <Strategy Version="1" Minor="2">
    <StratHandle Name="Vivado Synthesis Defaults" Flow="Vivado Synthesis 2017"/>
    <Step Id="synth_design"/>
  </Strategy>
</GenRun>
