<?xml version="1.0" encoding="UTF-8" ?>
<webTalkData  fileName='usage_statistics_webtalk.xml'  majorVersion='1' minorVersion='0' timeStamp='Thu Apr  7 16:47:26 2022'>
<section name="__ROOT__" level="0" order="1" description="">
 <section name="software_version_and_target_device" level="1" order="1" description="">
  <keyValuePair key="beta" value="FALSE" description="" />
  <keyValuePair key="build_version" value="2086221" description="" />
  <keyValuePair key="date_generated" value="Thu Apr  7 16:47:26 2022" description="" />
  <keyValuePair key="os_platform" value="WIN64" description="" />
  <keyValuePair key="product_version" value="Vivado v2017.4 (64-bit)" description="" />
  <keyValuePair key="project_id" value="3fcfd2c94fdb4f268f789666b4e9fb43" description="" />
  <keyValuePair key="project_iteration" value="2" description="" />
  <keyValuePair key="random_id" value="855eca9d117f5e9ebcf7b5c228e8cc3e" description="" />
  <keyValuePair key="registration_id" value="212313180_0_0_408" description="" />
  <keyValuePair key="route_design" value="TRUE" description="" />
  <keyValuePair key="target_device" value="xc7k160t" description="" />
  <keyValuePair key="target_family" value="kintex7" description="" />
  <keyValuePair key="target_package" value="ffg676" description="" />
  <keyValuePair key="target_speed" value="-2L" description="" />
  <keyValuePair key="tool_flow" value="Vivado" description="" />
 </section>
 <section name="user_environment" level="1" order="2" description="">
  <keyValuePair key="cpu_name" value="Intel(R) Core(TM) i7-10510U CPU @ 1.80GHz" description="" />
  <keyValuePair key="cpu_speed" value="2304 MHz" description="" />
  <keyValuePair key="os_name" value="Microsoft Windows 8 or later , 64-bit" description="" />
  <keyValuePair key="os_release" value="major release  (build 9200)" description="" />
  <keyValuePair key="system_ram" value="17.000 GB" description="" />
  <keyValuePair key="total_processors" value="1" description="" />
 </section>
 <section name="ip_statistics" level="1" order="3" description="">
  <section name="SSeg7_Dev/1" level="2" order="1" description="">
   <keyValuePair key="core_container" value="NA" description="" />
   <keyValuePair key="iptotal" value="1" description="" />
   <keyValuePair key="x_ipcorerevision" value="2" description="" />
   <keyValuePair key="x_iplanguage" value="VERILOG" description="" />
   <keyValuePair key="x_iplibrary" value="user" description="" />
   <keyValuePair key="x_ipname" value="SSeg7_Dev" description="" />
   <keyValuePair key="x_ipproduct" value="Vivado 2017.4" description="" />
   <keyValuePair key="x_ipsimlanguage" value="MIXED" description="" />
   <keyValuePair key="x_ipvendor" value="xilinx.com" description="" />
   <keyValuePair key="x_ipversion" value="1.0" description="" />
  </section>
  <section name="blk_mem_gen_v8_4_1/1" level="2" order="2" description="">
   <keyValuePair key="c_addra_width" value="10" description="" />
   <keyValuePair key="c_addrb_width" value="10" description="" />
   <keyValuePair key="c_algorithm" value="1" description="" />
   <keyValuePair key="c_axi_id_width" value="4" description="" />
   <keyValuePair key="c_axi_slave_type" value="0" description="" />
   <keyValuePair key="c_axi_type" value="1" description="" />
   <keyValuePair key="c_byte_size" value="9" description="" />
   <keyValuePair key="c_common_clk" value="0" description="" />
   <keyValuePair key="c_count_18k_bram" value="0" description="" />
   <keyValuePair key="c_count_36k_bram" value="1" description="" />
   <keyValuePair key="c_ctrl_ecc_algo" value="NONE" description="" />
   <keyValuePair key="c_default_data" value="0" description="" />
   <keyValuePair key="c_disable_warn_bhv_coll" value="0" description="" />
   <keyValuePair key="c_disable_warn_bhv_range" value="0" description="" />
   <keyValuePair key="c_elaboration_dir" value="./" description="" />
   <keyValuePair key="c_en_deepsleep_pin" value="0" description="" />
   <keyValuePair key="c_en_ecc_pipe" value="0" description="" />
   <keyValuePair key="c_en_rdaddra_chg" value="0" description="" />
   <keyValuePair key="c_en_rdaddrb_chg" value="0" description="" />
   <keyValuePair key="c_en_safety_ckt" value="0" description="" />
   <keyValuePair key="c_en_shutdown_pin" value="0" description="" />
   <keyValuePair key="c_en_sleep_pin" value="0" description="" />
   <keyValuePair key="c_enable_32bit_address" value="0" description="" />
   <keyValuePair key="c_est_power_summary" value="Estimated Power for IP     _     2.95215 mW" description="" />
   <keyValuePair key="c_family" value="kintex7" description="" />
   <keyValuePair key="c_has_axi_id" value="0" description="" />
   <keyValuePair key="c_has_ena" value="0" description="" />
   <keyValuePair key="c_has_enb" value="0" description="" />
   <keyValuePair key="c_has_injecterr" value="0" description="" />
   <keyValuePair key="c_has_mem_output_regs_a" value="0" description="" />
   <keyValuePair key="c_has_mem_output_regs_b" value="0" description="" />
   <keyValuePair key="c_has_mux_output_regs_a" value="0" description="" />
   <keyValuePair key="c_has_mux_output_regs_b" value="0" description="" />
   <keyValuePair key="c_has_regcea" value="0" description="" />
   <keyValuePair key="c_has_regceb" value="0" description="" />
   <keyValuePair key="c_has_rsta" value="0" description="" />
   <keyValuePair key="c_has_rstb" value="0" description="" />
   <keyValuePair key="c_has_softecc_input_regs_a" value="0" description="" />
   <keyValuePair key="c_has_softecc_output_regs_b" value="0" description="" />
   <keyValuePair key="c_init_file" value="RAM.mem" description="" />
   <keyValuePair key="c_init_file_name" value="[user-defined]" description="" />
   <keyValuePair key="c_inita_val" value="0" description="" />
   <keyValuePair key="c_initb_val" value="0" description="" />
   <keyValuePair key="c_interface_type" value="0" description="" />
   <keyValuePair key="c_load_init_file" value="1" description="" />
   <keyValuePair key="c_mem_type" value="0" description="" />
   <keyValuePair key="c_mux_pipeline_stages" value="0" description="" />
   <keyValuePair key="c_prim_type" value="1" description="" />
   <keyValuePair key="c_read_depth_a" value="1024" description="" />
   <keyValuePair key="c_read_depth_b" value="1024" description="" />
   <keyValuePair key="c_read_width_a" value="32" description="" />
   <keyValuePair key="c_read_width_b" value="32" description="" />
   <keyValuePair key="c_rst_priority_a" value="CE" description="" />
   <keyValuePair key="c_rst_priority_b" value="CE" description="" />
   <keyValuePair key="c_rstram_a" value="0" description="" />
   <keyValuePair key="c_rstram_b" value="0" description="" />
   <keyValuePair key="c_sim_collision_check" value="ALL" description="" />
   <keyValuePair key="c_use_bram_block" value="0" description="" />
   <keyValuePair key="c_use_byte_wea" value="0" description="" />
   <keyValuePair key="c_use_byte_web" value="0" description="" />
   <keyValuePair key="c_use_default_data" value="0" description="" />
   <keyValuePair key="c_use_ecc" value="0" description="" />
   <keyValuePair key="c_use_softecc" value="0" description="" />
   <keyValuePair key="c_use_uram" value="0" description="" />
   <keyValuePair key="c_wea_width" value="1" description="" />
   <keyValuePair key="c_web_width" value="1" description="" />
   <keyValuePair key="c_write_depth_a" value="1024" description="" />
   <keyValuePair key="c_write_depth_b" value="1024" description="" />
   <keyValuePair key="c_write_mode_a" value="WRITE_FIRST" description="" />
   <keyValuePair key="c_write_mode_b" value="WRITE_FIRST" description="" />
   <keyValuePair key="c_write_width_a" value="32" description="" />
   <keyValuePair key="c_write_width_b" value="32" description="" />
   <keyValuePair key="c_xdevicefamily" value="kintex7" description="" />
   <keyValuePair key="core_container" value="NA" description="" />
   <keyValuePair key="iptotal" value="1" description="" />
   <keyValuePair key="x_ipcorerevision" value="1" description="" />
   <keyValuePair key="x_iplanguage" value="VERILOG" description="" />
   <keyValuePair key="x_iplibrary" value="ip" description="" />
   <keyValuePair key="x_ipname" value="blk_mem_gen" description="" />
   <keyValuePair key="x_ipproduct" value="Vivado 2017.4" description="" />
   <keyValuePair key="x_ipsimlanguage" value="MIXED" description="" />
   <keyValuePair key="x_ipvendor" value="xilinx.com" description="" />
   <keyValuePair key="x_ipversion" value="8.4" description="" />
  </section>
  <section name="dist_mem_gen_v8_0_12/1" level="2" order="3" description="">
   <keyValuePair key="c_addr_width" value="10" description="" />
   <keyValuePair key="c_default_data" value="0" description="" />
   <keyValuePair key="c_depth" value="1024" description="" />
   <keyValuePair key="c_elaboration_dir" value="./" description="" />
   <keyValuePair key="c_family" value="kintex7" description="" />
   <keyValuePair key="c_has_clk" value="0" description="" />
   <keyValuePair key="c_has_d" value="0" description="" />
   <keyValuePair key="c_has_dpo" value="0" description="" />
   <keyValuePair key="c_has_dpra" value="0" description="" />
   <keyValuePair key="c_has_i_ce" value="0" description="" />
   <keyValuePair key="c_has_qdpo" value="0" description="" />
   <keyValuePair key="c_has_qdpo_ce" value="0" description="" />
   <keyValuePair key="c_has_qdpo_clk" value="0" description="" />
   <keyValuePair key="c_has_qdpo_rst" value="0" description="" />
   <keyValuePair key="c_has_qdpo_srst" value="0" description="" />
   <keyValuePair key="c_has_qspo" value="0" description="" />
   <keyValuePair key="c_has_qspo_ce" value="0" description="" />
   <keyValuePair key="c_has_qspo_rst" value="0" description="" />
   <keyValuePair key="c_has_qspo_srst" value="0" description="" />
   <keyValuePair key="c_has_spo" value="1" description="" />
   <keyValuePair key="c_has_we" value="0" description="" />
   <keyValuePair key="c_mem_init_file" value="[user-defined]" description="" />
   <keyValuePair key="c_mem_type" value="0" description="" />
   <keyValuePair key="c_parser_type" value="1" description="" />
   <keyValuePair key="c_pipeline_stages" value="0" description="" />
   <keyValuePair key="c_qce_joined" value="0" description="" />
   <keyValuePair key="c_qualify_we" value="0" description="" />
   <keyValuePair key="c_read_mif" value="1" description="" />
   <keyValuePair key="c_reg_a_d_inputs" value="0" description="" />
   <keyValuePair key="c_reg_dpra_input" value="0" description="" />
   <keyValuePair key="c_sync_enable" value="1" description="" />
   <keyValuePair key="c_width" value="32" description="" />
   <keyValuePair key="core_container" value="NA" description="" />
   <keyValuePair key="iptotal" value="1" description="" />
   <keyValuePair key="x_ipcorerevision" value="12" description="" />
   <keyValuePair key="x_iplanguage" value="VERILOG" description="" />
   <keyValuePair key="x_iplibrary" value="ip" description="" />
   <keyValuePair key="x_ipname" value="dist_mem_gen" description="" />
   <keyValuePair key="x_ipproduct" value="Vivado 2017.4" description="" />
   <keyValuePair key="x_ipsimlanguage" value="MIXED" description="" />
   <keyValuePair key="x_ipvendor" value="xilinx.com" description="" />
   <keyValuePair key="x_ipversion" value="8.0" description="" />
  </section>
 </section>
 <section name="power_opt_design" level="1" order="4" description="">
  <section name="command_line_options_spo" level="2" order="1" description="">
   <keyValuePair key="-cell_types" value="default::all" description="" />
   <keyValuePair key="-clocks" value="default::[not_specified]" description="" />
   <keyValuePair key="-exclude_cells" value="default::[not_specified]" description="" />
   <keyValuePair key="-include_cells" value="default::[not_specified]" description="" />
  </section>
  <section name="usage" level="2" order="2" description="">
   <keyValuePair key="bram_ports_augmented" value="0" description="" />
   <keyValuePair key="bram_ports_newly_gated" value="0" description="" />
   <keyValuePair key="bram_ports_total" value="2" description="" />
   <keyValuePair key="flow_state" value="default" description="" />
   <keyValuePair key="slice_registers_augmented" value="0" description="" />
   <keyValuePair key="slice_registers_newly_gated" value="0" description="" />
   <keyValuePair key="slice_registers_total" value="1584" description="" />
   <keyValuePair key="srls_augmented" value="0" description="" />
   <keyValuePair key="srls_newly_gated" value="0" description="" />
   <keyValuePair key="srls_total" value="0" description="" />
  </section>
 </section>
 <section name="report_drc" level="1" order="5" description="">
  <section name="command_line_options" level="2" order="1" description="">
   <keyValuePair key="-append" value="default::[not_specified]" description="" />
   <keyValuePair key="-checks" value="default::[not_specified]" description="" />
   <keyValuePair key="-fail_on" value="default::[not_specified]" description="" />
   <keyValuePair key="-force" value="default::[not_specified]" description="" />
   <keyValuePair key="-format" value="default::[not_specified]" description="" />
   <keyValuePair key="-messages" value="default::[not_specified]" description="" />
   <keyValuePair key="-name" value="default::[not_specified]" description="" />
   <keyValuePair key="-return_string" value="default::[not_specified]" description="" />
   <keyValuePair key="-ruledecks" value="default::[not_specified]" description="" />
   <keyValuePair key="-upgrade_cw" value="default::[not_specified]" description="" />
   <keyValuePair key="-waived" value="default::[not_specified]" description="" />
  </section>
  <section name="results" level="2" order="2" description="">
   <keyValuePair key="cfgbvs-1" value="1" description="" />
   <keyValuePair key="check-3" value="1" description="" />
   <keyValuePair key="reqp-1839" value="20" description="" />
  </section>
 </section>
 <section name="report_utilization" level="1" order="6" description="">
  <section name="clocking" level="2" order="1" description="">
   <keyValuePair key="bufgctrl_available" value="32" description="" />
   <keyValuePair key="bufgctrl_fixed" value="0" description="" />
   <keyValuePair key="bufgctrl_used" value="5" description="" />
   <keyValuePair key="bufgctrl_util_percentage" value="15.63" description="" />
   <keyValuePair key="bufhce_available" value="120" description="" />
   <keyValuePair key="bufhce_fixed" value="0" description="" />
   <keyValuePair key="bufhce_used" value="0" description="" />
   <keyValuePair key="bufhce_util_percentage" value="0.00" description="" />
   <keyValuePair key="bufio_available" value="32" description="" />
   <keyValuePair key="bufio_fixed" value="0" description="" />
   <keyValuePair key="bufio_used" value="0" description="" />
   <keyValuePair key="bufio_util_percentage" value="0.00" description="" />
   <keyValuePair key="bufmrce_available" value="16" description="" />
   <keyValuePair key="bufmrce_fixed" value="0" description="" />
   <keyValuePair key="bufmrce_used" value="0" description="" />
   <keyValuePair key="bufmrce_util_percentage" value="0.00" description="" />
   <keyValuePair key="bufr_available" value="32" description="" />
   <keyValuePair key="bufr_fixed" value="0" description="" />
   <keyValuePair key="bufr_used" value="0" description="" />
   <keyValuePair key="bufr_util_percentage" value="0.00" description="" />
   <keyValuePair key="mmcme2_adv_available" value="8" description="" />
   <keyValuePair key="mmcme2_adv_fixed" value="0" description="" />
   <keyValuePair key="mmcme2_adv_used" value="0" description="" />
   <keyValuePair key="mmcme2_adv_util_percentage" value="0.00" description="" />
   <keyValuePair key="plle2_adv_available" value="8" description="" />
   <keyValuePair key="plle2_adv_fixed" value="0" description="" />
   <keyValuePair key="plle2_adv_used" value="0" description="" />
   <keyValuePair key="plle2_adv_util_percentage" value="0.00" description="" />
  </section>
  <section name="dsp" level="2" order="2" description="">
   <keyValuePair key="dsps_available" value="600" description="" />
   <keyValuePair key="dsps_fixed" value="0" description="" />
   <keyValuePair key="dsps_used" value="0" description="" />
   <keyValuePair key="dsps_util_percentage" value="0.00" description="" />
  </section>
  <section name="io_standard" level="2" order="3" description="">
   <keyValuePair key="blvds_25" value="0" description="" />
   <keyValuePair key="diff_hstl_i" value="0" description="" />
   <keyValuePair key="diff_hstl_i_18" value="0" description="" />
   <keyValuePair key="diff_hstl_i_dci" value="0" description="" />
   <keyValuePair key="diff_hstl_i_dci_18" value="0" description="" />
   <keyValuePair key="diff_hstl_ii" value="0" description="" />
   <keyValuePair key="diff_hstl_ii_18" value="0" description="" />
   <keyValuePair key="diff_hstl_ii_dci" value="0" description="" />
   <keyValuePair key="diff_hstl_ii_dci_18" value="0" description="" />
   <keyValuePair key="diff_hstl_ii_t_dci" value="0" description="" />
   <keyValuePair key="diff_hstl_ii_t_dci_18" value="0" description="" />
   <keyValuePair key="diff_hsul_12" value="0" description="" />
   <keyValuePair key="diff_hsul_12_dci" value="0" description="" />
   <keyValuePair key="diff_mobile_ddr" value="0" description="" />
   <keyValuePair key="diff_sstl12" value="0" description="" />
   <keyValuePair key="diff_sstl12_dci" value="0" description="" />
   <keyValuePair key="diff_sstl12_t_dci" value="0" description="" />
   <keyValuePair key="diff_sstl135" value="0" description="" />
   <keyValuePair key="diff_sstl135_dci" value="0" description="" />
   <keyValuePair key="diff_sstl135_r" value="0" description="" />
   <keyValuePair key="diff_sstl135_t_dci" value="0" description="" />
   <keyValuePair key="diff_sstl15" value="0" description="" />
   <keyValuePair key="diff_sstl15_dci" value="0" description="" />
   <keyValuePair key="diff_sstl15_r" value="0" description="" />
   <keyValuePair key="diff_sstl15_t_dci" value="0" description="" />
   <keyValuePair key="diff_sstl18_i" value="0" description="" />
   <keyValuePair key="diff_sstl18_i_dci" value="0" description="" />
   <keyValuePair key="diff_sstl18_ii" value="0" description="" />
   <keyValuePair key="diff_sstl18_ii_dci" value="0" description="" />
   <keyValuePair key="diff_sstl18_ii_t_dci" value="0" description="" />
   <keyValuePair key="hslvdci_15" value="0" description="" />
   <keyValuePair key="hslvdci_18" value="0" description="" />
   <keyValuePair key="hstl_i" value="0" description="" />
   <keyValuePair key="hstl_i_12" value="0" description="" />
   <keyValuePair key="hstl_i_18" value="0" description="" />
   <keyValuePair key="hstl_i_dci" value="0" description="" />
   <keyValuePair key="hstl_i_dci_18" value="0" description="" />
   <keyValuePair key="hstl_ii" value="0" description="" />
   <keyValuePair key="hstl_ii_18" value="0" description="" />
   <keyValuePair key="hstl_ii_dci" value="0" description="" />
   <keyValuePair key="hstl_ii_dci_18" value="0" description="" />
   <keyValuePair key="hstl_ii_t_dci" value="0" description="" />
   <keyValuePair key="hstl_ii_t_dci_18" value="0" description="" />
   <keyValuePair key="hsul_12" value="0" description="" />
   <keyValuePair key="hsul_12_dci" value="0" description="" />
   <keyValuePair key="lvcmos12" value="0" description="" />
   <keyValuePair key="lvcmos15" value="1" description="" />
   <keyValuePair key="lvcmos18" value="1" description="" />
   <keyValuePair key="lvcmos25" value="0" description="" />
   <keyValuePair key="lvcmos33" value="1" description="" />
   <keyValuePair key="lvdci_15" value="0" description="" />
   <keyValuePair key="lvdci_18" value="0" description="" />
   <keyValuePair key="lvdci_dv2_15" value="0" description="" />
   <keyValuePair key="lvdci_dv2_18" value="0" description="" />
   <keyValuePair key="lvds" value="0" description="" />
   <keyValuePair key="lvds_25" value="0" description="" />
   <keyValuePair key="lvttl" value="0" description="" />
   <keyValuePair key="mini_lvds_25" value="0" description="" />
   <keyValuePair key="mobile_ddr" value="0" description="" />
   <keyValuePair key="pci33_3" value="0" description="" />
   <keyValuePair key="ppds_25" value="0" description="" />
   <keyValuePair key="rsds_25" value="0" description="" />
   <keyValuePair key="sstl12" value="0" description="" />
   <keyValuePair key="sstl12_dci" value="0" description="" />
   <keyValuePair key="sstl12_t_dci" value="0" description="" />
   <keyValuePair key="sstl135" value="0" description="" />
   <keyValuePair key="sstl135_dci" value="0" description="" />
   <keyValuePair key="sstl135_r" value="0" description="" />
   <keyValuePair key="sstl135_t_dci" value="0" description="" />
   <keyValuePair key="sstl15" value="0" description="" />
   <keyValuePair key="sstl15_dci" value="0" description="" />
   <keyValuePair key="sstl15_r" value="0" description="" />
   <keyValuePair key="sstl15_t_dci" value="0" description="" />
   <keyValuePair key="sstl18_i" value="0" description="" />
   <keyValuePair key="sstl18_i_dci" value="0" description="" />
   <keyValuePair key="sstl18_ii" value="0" description="" />
   <keyValuePair key="sstl18_ii_dci" value="0" description="" />
   <keyValuePair key="sstl18_ii_t_dci" value="0" description="" />
   <keyValuePair key="tmds_33" value="0" description="" />
  </section>
  <section name="memory" level="2" order="4" description="">
   <keyValuePair key="block_ram_tile_available" value="325" description="" />
   <keyValuePair key="block_ram_tile_fixed" value="0" description="" />
   <keyValuePair key="block_ram_tile_used" value="1" description="" />
   <keyValuePair key="block_ram_tile_util_percentage" value="0.31" description="" />
   <keyValuePair key="ramb18_available" value="650" description="" />
   <keyValuePair key="ramb18_fixed" value="0" description="" />
   <keyValuePair key="ramb18_used" value="0" description="" />
   <keyValuePair key="ramb18_util_percentage" value="0.00" description="" />
   <keyValuePair key="ramb36_fifo_available" value="325" description="" />
   <keyValuePair key="ramb36_fifo_fixed" value="0" description="" />
   <keyValuePair key="ramb36_fifo_used" value="1" description="" />
   <keyValuePair key="ramb36_fifo_util_percentage" value="0.31" description="" />
   <keyValuePair key="ramb36e1_only_used" value="1" description="" />
  </section>
  <section name="primitives" level="2" order="5" description="">
   <keyValuePair key="bufg_functional_category" value="Clock" description="" />
   <keyValuePair key="bufg_used" value="5" description="" />
   <keyValuePair key="carry4_functional_category" value="CarryLogic" description="" />
   <keyValuePair key="carry4_used" value="105" description="" />
   <keyValuePair key="fdce_functional_category" value="Flop &amp; Latch" description="" />
   <keyValuePair key="fdce_used" value="1293" description="" />
   <keyValuePair key="fdpe_functional_category" value="Flop &amp; Latch" description="" />
   <keyValuePair key="fdpe_used" value="3" description="" />
   <keyValuePair key="fdre_functional_category" value="Flop &amp; Latch" description="" />
   <keyValuePair key="fdre_used" value="286" description="" />
   <keyValuePair key="fdse_functional_category" value="Flop &amp; Latch" description="" />
   <keyValuePair key="fdse_used" value="2" description="" />
   <keyValuePair key="ibuf_functional_category" value="IO" description="" />
   <keyValuePair key="ibuf_used" value="22" description="" />
   <keyValuePair key="ldce_functional_category" value="Flop &amp; Latch" description="" />
   <keyValuePair key="ldce_used" value="2" description="" />
   <keyValuePair key="lut1_functional_category" value="LUT" description="" />
   <keyValuePair key="lut1_used" value="111" description="" />
   <keyValuePair key="lut2_functional_category" value="LUT" description="" />
   <keyValuePair key="lut2_used" value="247" description="" />
   <keyValuePair key="lut3_functional_category" value="LUT" description="" />
   <keyValuePair key="lut3_used" value="295" description="" />
   <keyValuePair key="lut4_functional_category" value="LUT" description="" />
   <keyValuePair key="lut4_used" value="334" description="" />
   <keyValuePair key="lut5_functional_category" value="LUT" description="" />
   <keyValuePair key="lut5_used" value="303" description="" />
   <keyValuePair key="lut6_functional_category" value="LUT" description="" />
   <keyValuePair key="lut6_used" value="1667" description="" />
   <keyValuePair key="muxf7_functional_category" value="MuxFx" description="" />
   <keyValuePair key="muxf7_used" value="573" description="" />
   <keyValuePair key="muxf8_functional_category" value="MuxFx" description="" />
   <keyValuePair key="muxf8_used" value="132" description="" />
   <keyValuePair key="obuf_functional_category" value="IO" description="" />
   <keyValuePair key="obuf_used" value="22" description="" />
   <keyValuePair key="ramb36e1_functional_category" value="Block Memory" description="" />
   <keyValuePair key="ramb36e1_used" value="1" description="" />
   <keyValuePair key="ramd64e_functional_category" value="Distributed Memory" description="" />
   <keyValuePair key="ramd64e_used" value="768" description="" />
  </section>
  <section name="slice_logic" level="2" order="6" description="">
   <keyValuePair key="f7_muxes_available" value="50700" description="" />
   <keyValuePair key="f7_muxes_fixed" value="0" description="" />
   <keyValuePair key="f7_muxes_used" value="573" description="" />
   <keyValuePair key="f7_muxes_util_percentage" value="1.13" description="" />
   <keyValuePair key="f8_muxes_available" value="25350" description="" />
   <keyValuePair key="f8_muxes_fixed" value="0" description="" />
   <keyValuePair key="f8_muxes_used" value="132" description="" />
   <keyValuePair key="f8_muxes_util_percentage" value="0.52" description="" />
   <keyValuePair key="fully_used_lut_ff_pairs_fixed" value="0.78" description="" />
   <keyValuePair key="fully_used_lut_ff_pairs_used" value="17" description="" />
   <keyValuePair key="lut_as_distributed_ram_fixed" value="0" description="" />
   <keyValuePair key="lut_as_distributed_ram_fixed" value="0" description="" />
   <keyValuePair key="lut_as_distributed_ram_used" value="768" description="" />
   <keyValuePair key="lut_as_distributed_ram_used" value="768" description="" />
   <keyValuePair key="lut_as_logic_available" value="101400" description="" />
   <keyValuePair key="lut_as_logic_available" value="101400" description="" />
   <keyValuePair key="lut_as_logic_fixed" value="0" description="" />
   <keyValuePair key="lut_as_logic_fixed" value="0" description="" />
   <keyValuePair key="lut_as_logic_used" value="2800" description="" />
   <keyValuePair key="lut_as_logic_used" value="2800" description="" />
   <keyValuePair key="lut_as_logic_util_percentage" value="2.76" description="" />
   <keyValuePair key="lut_as_logic_util_percentage" value="2.76" description="" />
   <keyValuePair key="lut_as_memory_available" value="35000" description="" />
   <keyValuePair key="lut_as_memory_available" value="35000" description="" />
   <keyValuePair key="lut_as_memory_fixed" value="0" description="" />
   <keyValuePair key="lut_as_memory_fixed" value="0" description="" />
   <keyValuePair key="lut_as_memory_used" value="768" description="" />
   <keyValuePair key="lut_as_memory_used" value="768" description="" />
   <keyValuePair key="lut_as_memory_util_percentage" value="2.19" description="" />
   <keyValuePair key="lut_as_memory_util_percentage" value="2.19" description="" />
   <keyValuePair key="lut_as_shift_register_fixed" value="0" description="" />
   <keyValuePair key="lut_as_shift_register_fixed" value="0" description="" />
   <keyValuePair key="lut_as_shift_register_used" value="0" description="" />
   <keyValuePair key="lut_as_shift_register_used" value="0" description="" />
   <keyValuePair key="lut_ff_pairs_with_one_unused_flip_flop_fixed" value="0" description="" />
   <keyValuePair key="lut_ff_pairs_with_one_unused_flip_flop_used" value="247" description="" />
   <keyValuePair key="lut_ff_pairs_with_one_unused_lut_output_fixed" value="247" description="" />
   <keyValuePair key="lut_ff_pairs_with_one_unused_lut_output_used" value="241" description="" />
   <keyValuePair key="lut_flip_flop_pairs_available" value="101400" description="" />
   <keyValuePair key="lut_flip_flop_pairs_fixed" value="0" description="" />
   <keyValuePair key="lut_flip_flop_pairs_used" value="266" description="" />
   <keyValuePair key="lut_flip_flop_pairs_util_percentage" value="0.26" description="" />
   <keyValuePair key="register_as_flip_flop_available" value="202800" description="" />
   <keyValuePair key="register_as_flip_flop_fixed" value="0" description="" />
   <keyValuePair key="register_as_flip_flop_used" value="1584" description="" />
   <keyValuePair key="register_as_flip_flop_util_percentage" value="0.78" description="" />
   <keyValuePair key="register_as_latch_available" value="202800" description="" />
   <keyValuePair key="register_as_latch_fixed" value="0" description="" />
   <keyValuePair key="register_as_latch_used" value="2" description="" />
   <keyValuePair key="register_as_latch_util_percentage" value="&lt;0.01" description="" />
   <keyValuePair key="slice_available" value="25350" description="" />
   <keyValuePair key="slice_fixed" value="0" description="" />
   <keyValuePair key="slice_luts_available" value="101400" description="" />
   <keyValuePair key="slice_luts_fixed" value="0" description="" />
   <keyValuePair key="slice_luts_used" value="3568" description="" />
   <keyValuePair key="slice_luts_util_percentage" value="3.52" description="" />
   <keyValuePair key="slice_registers_available" value="202800" description="" />
   <keyValuePair key="slice_registers_fixed" value="0" description="" />
   <keyValuePair key="slice_registers_used" value="1586" description="" />
   <keyValuePair key="slice_registers_util_percentage" value="0.78" description="" />
   <keyValuePair key="slice_used" value="1331" description="" />
   <keyValuePair key="slice_util_percentage" value="5.25" description="" />
   <keyValuePair key="slicel_fixed" value="0" description="" />
   <keyValuePair key="slicel_used" value="770" description="" />
   <keyValuePair key="slicem_fixed" value="0" description="" />
   <keyValuePair key="slicem_used" value="561" description="" />
   <keyValuePair key="unique_control_sets_used" value="126" description="" />
   <keyValuePair key="using_o5_and_o6_fixed" value="126" description="" />
   <keyValuePair key="using_o5_and_o6_used" value="0" description="" />
   <keyValuePair key="using_o5_output_only_fixed" value="0" description="" />
   <keyValuePair key="using_o5_output_only_used" value="0" description="" />
   <keyValuePair key="using_o6_output_only_fixed" value="0" description="" />
   <keyValuePair key="using_o6_output_only_used" value="768" description="" />
  </section>
  <section name="specific_feature" level="2" order="7" description="">
   <keyValuePair key="bscane2_available" value="4" description="" />
   <keyValuePair key="bscane2_fixed" value="0" description="" />
   <keyValuePair key="bscane2_used" value="0" description="" />
   <keyValuePair key="bscane2_util_percentage" value="0.00" description="" />
   <keyValuePair key="capturee2_available" value="1" description="" />
   <keyValuePair key="capturee2_fixed" value="0" description="" />
   <keyValuePair key="capturee2_used" value="0" description="" />
   <keyValuePair key="capturee2_util_percentage" value="0.00" description="" />
   <keyValuePair key="dna_port_available" value="1" description="" />
   <keyValuePair key="dna_port_fixed" value="0" description="" />
   <keyValuePair key="dna_port_used" value="0" description="" />
   <keyValuePair key="dna_port_util_percentage" value="0.00" description="" />
   <keyValuePair key="efuse_usr_available" value="1" description="" />
   <keyValuePair key="efuse_usr_fixed" value="0" description="" />
   <keyValuePair key="efuse_usr_used" value="0" description="" />
   <keyValuePair key="efuse_usr_util_percentage" value="0.00" description="" />
   <keyValuePair key="frame_ecce2_available" value="1" description="" />
   <keyValuePair key="frame_ecce2_fixed" value="0" description="" />
   <keyValuePair key="frame_ecce2_used" value="0" description="" />
   <keyValuePair key="frame_ecce2_util_percentage" value="0.00" description="" />
   <keyValuePair key="icape2_available" value="2" description="" />
   <keyValuePair key="icape2_fixed" value="0" description="" />
   <keyValuePair key="icape2_used" value="0" description="" />
   <keyValuePair key="icape2_util_percentage" value="0.00" description="" />
   <keyValuePair key="pcie_2_1_available" value="1" description="" />
   <keyValuePair key="pcie_2_1_fixed" value="0" description="" />
   <keyValuePair key="pcie_2_1_used" value="0" description="" />
   <keyValuePair key="pcie_2_1_util_percentage" value="0.00" description="" />
   <keyValuePair key="startupe2_available" value="1" description="" />
   <keyValuePair key="startupe2_fixed" value="0" description="" />
   <keyValuePair key="startupe2_used" value="0" description="" />
   <keyValuePair key="startupe2_util_percentage" value="0.00" description="" />
   <keyValuePair key="xadc_available" value="1" description="" />
   <keyValuePair key="xadc_fixed" value="0" description="" />
   <keyValuePair key="xadc_used" value="0" description="" />
   <keyValuePair key="xadc_util_percentage" value="0.00" description="" />
  </section>
 </section>
 <section name="router" level="1" order="7" description="">
  <section name="usage" level="2" order="1" description="">
   <keyValuePair key="actual_expansions" value="5680685" description="" />
   <keyValuePair key="bogomips" value="0" description="" />
   <keyValuePair key="bram18" value="0" description="" />
   <keyValuePair key="bram36" value="1" description="" />
   <keyValuePair key="bufg" value="0" description="" />
   <keyValuePair key="bufr" value="0" description="" />
   <keyValuePair key="ctrls" value="126" description="" />
   <keyValuePair key="dsp" value="0" description="" />
   <keyValuePair key="effort" value="2" description="" />
   <keyValuePair key="estimated_expansions" value="4267680" description="" />
   <keyValuePair key="ff" value="1586" description="" />
   <keyValuePair key="global_clocks" value="5" description="" />
   <keyValuePair key="high_fanout_nets" value="8" description="" />
   <keyValuePair key="iob" value="44" description="" />
   <keyValuePair key="lut" value="3584" description="" />
   <keyValuePair key="movable_instances" value="6208" description="" />
   <keyValuePair key="nets" value="6791" description="" />
   <keyValuePair key="pins" value="44122" description="" />
   <keyValuePair key="pll" value="0" description="" />
   <keyValuePair key="router_runtime" value="0.000000" description="" />
   <keyValuePair key="router_timing_driven" value="1" description="" />
   <keyValuePair key="threads" value="2" description="" />
   <keyValuePair key="timing_constraints_exist" value="1" description="" />
  </section>
 </section>
 <section name="synthesis" level="1" order="8" description="">
  <section name="command_line_options" level="2" order="1" description="">
   <keyValuePair key="-assert" value="default::[not_specified]" description="" />
   <keyValuePair key="-bufg" value="default::12" description="" />
   <keyValuePair key="-cascade_dsp" value="default::auto" description="" />
   <keyValuePair key="-constrset" value="default::[not_specified]" description="" />
   <keyValuePair key="-control_set_opt_threshold" value="default::auto" description="" />
   <keyValuePair key="-directive" value="default::default" description="" />
   <keyValuePair key="-fanout_limit" value="default::10000" description="" />
   <keyValuePair key="-flatten_hierarchy" value="default::rebuilt" description="" />
   <keyValuePair key="-fsm_extraction" value="default::auto" description="" />
   <keyValuePair key="-gated_clock_conversion" value="default::off" description="" />
   <keyValuePair key="-generic" value="default::[not_specified]" description="" />
   <keyValuePair key="-include_dirs" value="default::[not_specified]" description="" />
   <keyValuePair key="-keep_equivalent_registers" value="default::[not_specified]" description="" />
   <keyValuePair key="-max_bram" value="default::-1" description="" />
   <keyValuePair key="-max_bram_cascade_height" value="default::-1" description="" />
   <keyValuePair key="-max_dsp" value="default::-1" description="" />
   <keyValuePair key="-max_uram" value="default::-1" description="" />
   <keyValuePair key="-max_uram_cascade_height" value="default::-1" description="" />
   <keyValuePair key="-mode" value="default::default" description="" />
   <keyValuePair key="-name" value="default::[not_specified]" description="" />
   <keyValuePair key="-no_lc" value="default::[not_specified]" description="" />
   <keyValuePair key="-no_srlextract" value="default::[not_specified]" description="" />
   <keyValuePair key="-no_timing_driven" value="default::[not_specified]" description="" />
   <keyValuePair key="-part" value="xc7k160tffg676-2L" description="" />
   <keyValuePair key="-resource_sharing" value="default::auto" description="" />
   <keyValuePair key="-retiming" value="default::[not_specified]" description="" />
   <keyValuePair key="-rtl" value="default::[not_specified]" description="" />
   <keyValuePair key="-rtl_skip_constraints" value="default::[not_specified]" description="" />
   <keyValuePair key="-rtl_skip_ip" value="default::[not_specified]" description="" />
   <keyValuePair key="-seu_protect" value="default::none" description="" />
   <keyValuePair key="-sfcu" value="default::[not_specified]" description="" />
   <keyValuePair key="-shreg_min_size" value="default::3" description="" />
   <keyValuePair key="-top" value="CSSTE" description="" />
   <keyValuePair key="-verilog_define" value="default::[not_specified]" description="" />
  </section>
  <section name="usage" level="2" order="2" description="">
   <keyValuePair key="elapsed" value="00:01:06s" description="" />
   <keyValuePair key="hls_ip" value="0" description="" />
   <keyValuePair key="memory_gain" value="515.027MB" description="" />
   <keyValuePair key="memory_peak" value="810.211MB" description="" />
  </section>
 </section>
 <section name="unisim_transformation" level="1" order="9" description="">
  <section name="post_unisim_transformation" level="2" order="1" description="">
   <keyValuePair key="bufg" value="5" description="" />
   <keyValuePair key="carry4" value="105" description="" />
   <keyValuePair key="fdce" value="1293" description="" />
   <keyValuePair key="fdpe" value="3" description="" />
   <keyValuePair key="fdre" value="309" description="" />
   <keyValuePair key="fdse" value="2" description="" />
   <keyValuePair key="gnd" value="24" description="" />
   <keyValuePair key="ibuf" value="22" description="" />
   <keyValuePair key="ldce" value="2" description="" />
   <keyValuePair key="lut1" value="152" description="" />
   <keyValuePair key="lut2" value="240" description="" />
   <keyValuePair key="lut3" value="221" description="" />
   <keyValuePair key="lut4" value="294" description="" />
   <keyValuePair key="lut5" value="398" description="" />
   <keyValuePair key="lut6" value="1826" description="" />
   <keyValuePair key="muxf7" value="573" description="" />
   <keyValuePair key="muxf8" value="132" description="" />
   <keyValuePair key="obuf" value="22" description="" />
   <keyValuePair key="ramb36e1" value="1" description="" />
   <keyValuePair key="ramd64e" value="768" description="" />
   <keyValuePair key="vcc" value="15" description="" />
  </section>
  <section name="pre_unisim_transformation" level="2" order="2" description="">
   <keyValuePair key="bufg" value="5" description="" />
   <keyValuePair key="carry4" value="105" description="" />
   <keyValuePair key="fdce" value="1293" description="" />
   <keyValuePair key="fdpe" value="3" description="" />
   <keyValuePair key="fdre" value="309" description="" />
   <keyValuePair key="fdse" value="2" description="" />
   <keyValuePair key="gnd" value="24" description="" />
   <keyValuePair key="ibuf" value="22" description="" />
   <keyValuePair key="ldce" value="2" description="" />
   <keyValuePair key="lut1" value="152" description="" />
   <keyValuePair key="lut2" value="240" description="" />
   <keyValuePair key="lut3" value="221" description="" />
   <keyValuePair key="lut4" value="294" description="" />
   <keyValuePair key="lut5" value="398" description="" />
   <keyValuePair key="lut6" value="1826" description="" />
   <keyValuePair key="muxf7" value="573" description="" />
   <keyValuePair key="muxf8" value="132" description="" />
   <keyValuePair key="obuf" value="22" description="" />
   <keyValuePair key="ram64m" value="128" description="" />
   <keyValuePair key="ram64x1d" value="128" description="" />
   <keyValuePair key="ramb36e1" value="1" description="" />
   <keyValuePair key="vcc" value="15" description="" />
  </section>
 </section>
 <section name="vivado_usage" level="1" order="10" description="">
  <section name="gui_handlers" level="2" order="1" description="">
   <keyValuePair key="addrepositoryinfodialog_ok" value="1" description="" />
   <keyValuePair key="addsrcwizard_specify_hdl_netlist_block_design" value="2" description="" />
   <keyValuePair key="addsrcwizard_specify_or_create_constraint_files" value="2" description="" />
   <keyValuePair key="basedialog_cancel" value="7" description="" />
   <keyValuePair key="basedialog_ok" value="39" description="" />
   <keyValuePair key="constraintschooserpanel_add_files" value="4" description="" />
   <keyValuePair key="constraintschooserpanel_create_file" value="1" description="" />
   <keyValuePair key="coretreetablepanel_core_tree_table" value="53" description="" />
   <keyValuePair key="createsrcfiledialog_file_name" value="2" description="" />
   <keyValuePair key="customizecoredialog_documentation" value="2" description="" />
   <keyValuePair key="filesetpanel_file_set_panel_tree" value="209" description="" />
   <keyValuePair key="flownavigatortreepanel_flow_navigator_tree" value="35" description="" />
   <keyValuePair key="gettingstartedview_create_new_project" value="1" description="" />
   <keyValuePair key="hexceptiondialog_exit" value="1" description="" />
   <keyValuePair key="hjfilechooserrecentlistpreview_recent_directories" value="8" description="" />
   <keyValuePair key="interfacestreetablepanel_interface_tree_table" value="1" description="" />
   <keyValuePair key="interfacesview_group_interfaces_by_category_or_repository" value="2" description="" />
   <keyValuePair key="ipcoreview_tabbed_pane" value="5" description="" />
   <keyValuePair key="mainmenumgr_edit" value="10" description="" />
   <keyValuePair key="mainmenumgr_file" value="16" description="" />
   <keyValuePair key="mainmenumgr_flow" value="9" description="" />
   <keyValuePair key="mainmenumgr_open_recent_project" value="3" description="" />
   <keyValuePair key="mainmenumgr_report" value="20" description="" />
   <keyValuePair key="mainmenumgr_settings" value="2" description="" />
   <keyValuePair key="mainmenumgr_tools" value="56" description="" />
   <keyValuePair key="mainmenumgr_unselect_type" value="2" description="" />
   <keyValuePair key="mainmenumgr_view" value="4" description="" />
   <keyValuePair key="mainmenumgr_window" value="12" description="" />
   <keyValuePair key="mainwinmenumgr_layout" value="6" description="" />
   <keyValuePair key="mainwinmenumgr_load" value="2" description="" />
   <keyValuePair key="msgtreepanel_message_view_tree" value="5" description="" />
   <keyValuePair key="pacommandnames_add_sources" value="1" description="" />
   <keyValuePair key="pacommandnames_auto_connect_target" value="1" description="" />
   <keyValuePair key="pacommandnames_auto_update_hier" value="2" description="" />
   <keyValuePair key="pacommandnames_run_bitgen" value="1" description="" />
   <keyValuePair key="pacommandnames_simulation_run" value="1" description="" />
   <keyValuePair key="partchooser_parts" value="1" description="" />
   <keyValuePair key="paviews_code" value="6" description="" />
   <keyValuePair key="paviews_device" value="2" description="" />
   <keyValuePair key="paviews_ip_catalog" value="1" description="" />
   <keyValuePair key="programfpgadialog_program" value="3" description="" />
   <keyValuePair key="projectnamechooser_project_name" value="1" description="" />
   <keyValuePair key="rdicommands_custom_commands" value="21" description="" />
   <keyValuePair key="rdicommands_delete" value="1" description="" />
   <keyValuePair key="rdicommands_settings" value="19" description="" />
   <keyValuePair key="settingsdialog_options_tree" value="7" description="" />
   <keyValuePair key="settingsdialog_project_tree" value="5" description="" />
   <keyValuePair key="settingseditorpage_custom_editor" value="1" description="" />
   <keyValuePair key="settingseditorpage_enter_command_line_for_custom" value="5" description="" />
   <keyValuePair key="settingseditorpage_use_this_drop_down_list_box_to_select" value="6" description="" />
   <keyValuePair key="settingsprojectiprepositorypage_add_repository" value="1" description="" />
   <keyValuePair key="settingsthemepanel_select_colors_and_font_that_have" value="2" description="" />
   <keyValuePair key="simpleoutputproductdialog_generate_output_products_immediately" value="4" description="" />
   <keyValuePair key="srcchooserpanel_add_hdl_and_netlist_files_to_your_project" value="6" description="" />
   <keyValuePair key="srcchooserpanel_create_file" value="1" description="" />
   <keyValuePair key="srcmenu_ip_hierarchy" value="2" description="" />
   <keyValuePair key="syntheticagettingstartedview_recent_projects" value="3" description="" />
   <keyValuePair key="xpg_coefilewidgdet_browse" value="7" description="" />
   <keyValuePair key="xpg_coefilewidgdet_edit" value="4" description="" />
  </section>
  <section name="java_command_handlers" level="2" order="2" description="">
   <keyValuePair key="addsources" value="9" description="" />
   <keyValuePair key="autoconnecttarget" value="1" description="" />
   <keyValuePair key="coreview" value="14" description="" />
   <keyValuePair key="customizecore" value="7" description="" />
   <keyValuePair key="editdelete" value="2" description="" />
   <keyValuePair key="launchprogramfpga" value="3" description="" />
   <keyValuePair key="newproject" value="1" description="" />
   <keyValuePair key="openhardwaremanager" value="5" description="" />
   <keyValuePair key="openrecenttarget" value="1" description="" />
   <keyValuePair key="programdevice" value="3" description="" />
   <keyValuePair key="runbitgen" value="3" description="" />
   <keyValuePair key="runimplementation" value="3" description="" />
   <keyValuePair key="runsynthesis" value="4" description="" />
   <keyValuePair key="showview" value="2" description="" />
   <keyValuePair key="toolssettings" value="19" description="" />
   <keyValuePair key="viewlayoutcmd" value="2" description="" />
   <keyValuePair key="viewtaskimplementation" value="2" description="" />
  </section>
  <section name="other_data" level="2" order="3" description="">
   <keyValuePair key="guimode" value="4" description="" />
  </section>
  <section name="project_data" level="2" order="4" description="">
   <keyValuePair key="constraintsetcount" value="1" description="" />
   <keyValuePair key="core_container" value="false" description="" />
   <keyValuePair key="currentimplrun" value="impl_1" description="" />
   <keyValuePair key="currentsynthesisrun" value="synth_1" description="" />
   <keyValuePair key="default_library" value="xil_defaultlib" description="" />
   <keyValuePair key="designmode" value="RTL" description="" />
   <keyValuePair key="export_simulation_activehdl" value="3" description="" />
   <keyValuePair key="export_simulation_ies" value="3" description="" />
   <keyValuePair key="export_simulation_modelsim" value="3" description="" />
   <keyValuePair key="export_simulation_questa" value="3" description="" />
   <keyValuePair key="export_simulation_riviera" value="3" description="" />
   <keyValuePair key="export_simulation_vcs" value="3" description="" />
   <keyValuePair key="export_simulation_xsim" value="3" description="" />
   <keyValuePair key="implstrategy" value="Vivado Implementation Defaults" description="" />
   <keyValuePair key="launch_simulation_activehdl" value="0" description="" />
   <keyValuePair key="launch_simulation_ies" value="0" description="" />
   <keyValuePair key="launch_simulation_modelsim" value="0" description="" />
   <keyValuePair key="launch_simulation_questa" value="0" description="" />
   <keyValuePair key="launch_simulation_riviera" value="0" description="" />
   <keyValuePair key="launch_simulation_vcs" value="0" description="" />
   <keyValuePair key="launch_simulation_xsim" value="0" description="" />
   <keyValuePair key="simulator_language" value="Mixed" description="" />
   <keyValuePair key="srcsetcount" value="23" description="" />
   <keyValuePair key="synthesisstrategy" value="Vivado Synthesis Defaults" description="" />
   <keyValuePair key="target_language" value="Verilog" description="" />
   <keyValuePair key="target_simulator" value="XSim" description="" />
   <keyValuePair key="totalimplruns" value="2" description="" />
   <keyValuePair key="totalsynthesisruns" value="2" description="" />
  </section>
 </section>
</section>
</webTalkData>
