<?xml version="1.0" encoding="UTF-8"?>
<GenRun Id="synth_1" LaunchPart="xc7k160tffg676-2L" LaunchTime="1646207569">
  <File Type="PA-TCL" Name="CSSTE.tcl"/>
  <File Type="RDS-PROPCONSTRS" Name="CSSTE_drc_synth.rpt"/>
  <File Type="REPORTS-TCL" Name="CSSTE_reports.tcl"/>
  <File Type="RDS-RDS" Name="CSSTE.vds"/>
  <File Type="RDS-UTIL" Name="CSSTE_utilization_synth.rpt"/>
  <File Type="RDS-UTIL-PB" Name="CSSTE_utilization_synth.pb"/>
  <File Type="RDS-DCP" Name="CSSTE.dcp"/>
  <File Type="VDS-TIMINGSUMMARY" Name="CSSTE_timing_summary_synth.rpt"/>
  <File Type="VDS-TIMING-PB" Name="CSSTE_timing_summary_synth.pb"/>
  <FileSet Name="sources" Type="DesignSrcs" RelSrcDir="$PSRCDIR/sources_1">
    <Filter Type="Srcs"/>
    <File Path="$PSRCDIR/sources_1/imports/Supplementary/VGA.edf">
      <FileInfo>
        <Attr Name="ImportPath" Val="$PPRDIR/IP/Supplementary/VGA.edf"/>
        <Attr Name="ImportTime" Val="1646201451"/>
        <Attr Name="UsedIn" Val="synthesis"/>
        <Attr Name="UsedIn" Val="implementation"/>
      </FileInfo>
    </File>
    <File Path="$PSRCDIR/sources_1/imports/Supplementary/Counter_x.edf">
      <FileInfo>
        <Attr Name="ImportPath" Val="$PPRDIR/IP/Supplementary/Counter_x.edf"/>
        <Attr Name="ImportTime" Val="1615340655"/>
        <Attr Name="UsedIn" Val="synthesis"/>
        <Attr Name="UsedIn" Val="implementation"/>
      </FileInfo>
    </File>
    <File Path="$PSRCDIR/sources_1/imports/Supplementary/SAnti_jitter.edf">
      <FileInfo>
        <Attr Name="ImportPath" Val="$PPRDIR/IP/Supplementary/SAnti_jitter.edf"/>
        <Attr Name="ImportTime" Val="1614665180"/>
        <Attr Name="UsedIn" Val="synthesis"/>
        <Attr Name="UsedIn" Val="implementation"/>
      </FileInfo>
    </File>
    <File Path="$PSRCDIR/sources_1/imports/Supplementary/clk_div.edf">
      <FileInfo>
        <Attr Name="ImportPath" Val="$PPRDIR/IP/Supplementary/clk_div.edf"/>
        <Attr Name="ImportTime" Val="1646200966"/>
        <Attr Name="UsedIn" Val="synthesis"/>
        <Attr Name="UsedIn" Val="implementation"/>
      </FileInfo>
    </File>
    <File Path="$PSRCDIR/sources_1/imports/Supplementary/SPIO.edf">
      <FileInfo>
        <Attr Name="ImportPath" Val="$PPRDIR/IP/Supplementary/SPIO.edf"/>
        <Attr Name="ImportTime" Val="1614665914"/>
        <Attr Name="UsedIn" Val="synthesis"/>
        <Attr Name="UsedIn" Val="implementation"/>
      </FileInfo>
    </File>
    <File Path="$PSRCDIR/sources_1/ip/SSeg7_Dev_0/SSeg7_Dev_0.xci">
      <FileInfo>
        <Attr Name="UsedIn" Val="synthesis"/>
        <Attr Name="UsedIn" Val="implementation"/>
        <Attr Name="UsedIn" Val="simulation"/>
      </FileInfo>
    </File>
    <File Path="$PSRCDIR/sources_1/imports/Supplementary/Multi_8CH32.edf">
      <FileInfo>
        <Attr Name="ImportPath" Val="$PPRDIR/IP/Supplementary/Multi_8CH32.edf"/>
        <Attr Name="ImportTime" Val="1614655043"/>
        <Attr Name="UsedIn" Val="synthesis"/>
        <Attr Name="UsedIn" Val="implementation"/>
      </FileInfo>
    </File>
    <File Path="$PSRCDIR/sources_1/imports/Supplementary/MIO_BUS.edf">
      <FileInfo>
        <Attr Name="ImportPath" Val="$PPRDIR/IP/Supplementary/MIO_BUS.edf"/>
        <Attr Name="ImportTime" Val="1614576975"/>
        <Attr Name="UsedIn" Val="synthesis"/>
        <Attr Name="UsedIn" Val="implementation"/>
      </FileInfo>
    </File>
    <File Path="$PSRCDIR/sources_1/imports/Supplementary/RAM_B.edf">
      <FileInfo>
        <Attr Name="ImportPath" Val="$PPRDIR/IP/Supplementary/RAM_B.edf"/>
        <Attr Name="ImportTime" Val="1646201682"/>
        <Attr Name="UsedIn" Val="synthesis"/>
        <Attr Name="UsedIn" Val="implementation"/>
      </FileInfo>
    </File>
    <File Path="$PSRCDIR/sources_1/ip/ROM_D_0/ROM_D_0.xci">
      <FileInfo>
        <Attr Name="UsedIn" Val="synthesis"/>
        <Attr Name="UsedIn" Val="implementation"/>
        <Attr Name="UsedIn" Val="simulation"/>
      </FileInfo>
    </File>
    <File Path="$PSRCDIR/sources_1/imports/CPU/SCPU.edf">
      <FileInfo>
        <Attr Name="ImportPath" Val="$PPRDIR/IP/CPU/SCPU.edf"/>
        <Attr Name="ImportTime" Val="1646202978"/>
        <Attr Name="UsedIn" Val="synthesis"/>
        <Attr Name="UsedIn" Val="implementation"/>
      </FileInfo>
    </File>
    <File Path="$PSRCDIR/sources_1/imports/Supplementary/Counter_x.v">
      <FileInfo>
        <Attr Name="ImportPath" Val="$PPRDIR/IP/Supplementary/Counter_x.v"/>
        <Attr Name="ImportTime" Val="1615340629"/>
        <Attr Name="UsedIn" Val="synthesis"/>
        <Attr Name="UsedIn" Val="implementation"/>
        <Attr Name="UsedIn" Val="simulation"/>
      </FileInfo>
    </File>
    <File Path="$PSRCDIR/sources_1/imports/Supplementary/MIO_BUS.v">
      <FileInfo>
        <Attr Name="ImportPath" Val="$PPRDIR/IP/Supplementary/MIO_BUS.v"/>
        <Attr Name="ImportTime" Val="1614576941"/>
        <Attr Name="UsedIn" Val="synthesis"/>
        <Attr Name="UsedIn" Val="implementation"/>
        <Attr Name="UsedIn" Val="simulation"/>
      </FileInfo>
    </File>
    <File Path="$PSRCDIR/sources_1/imports/Supplementary/Multi_8CH32.v">
      <FileInfo>
        <Attr Name="ImportPath" Val="$PPRDIR/IP/Supplementary/Multi_8CH32.v"/>
        <Attr Name="ImportTime" Val="1614654974"/>
        <Attr Name="UsedIn" Val="synthesis"/>
        <Attr Name="UsedIn" Val="implementation"/>
        <Attr Name="UsedIn" Val="simulation"/>
      </FileInfo>
    </File>
    <File Path="$PSRCDIR/sources_1/imports/Supplementary/RAM_B.v">
      <FileInfo>
        <Attr Name="ImportPath" Val="$PPRDIR/IP/Supplementary/RAM_B.v"/>
        <Attr Name="ImportTime" Val="1646201661"/>
        <Attr Name="UsedIn" Val="synthesis"/>
        <Attr Name="UsedIn" Val="implementation"/>
        <Attr Name="UsedIn" Val="simulation"/>
      </FileInfo>
    </File>
    <File Path="$PSRCDIR/sources_1/imports/Supplementary/SAnti_jitter.v">
      <FileInfo>
        <Attr Name="ImportPath" Val="$PPRDIR/IP/Supplementary/SAnti_jitter.v"/>
        <Attr Name="ImportTime" Val="1614665114"/>
        <Attr Name="UsedIn" Val="synthesis"/>
        <Attr Name="UsedIn" Val="implementation"/>
        <Attr Name="UsedIn" Val="simulation"/>
      </FileInfo>
    </File>
    <File Path="$PSRCDIR/sources_1/imports/CPU/SCPU.v">
      <FileInfo>
        <Attr Name="ImportPath" Val="$PPRDIR/IP/CPU/SCPU.v"/>
        <Attr Name="ImportTime" Val="1646202959"/>
        <Attr Name="UsedIn" Val="synthesis"/>
        <Attr Name="UsedIn" Val="implementation"/>
        <Attr Name="UsedIn" Val="simulation"/>
      </FileInfo>
    </File>
    <File Path="$PSRCDIR/sources_1/imports/Supplementary/SPIO.v">
      <FileInfo>
        <Attr Name="ImportPath" Val="$PPRDIR/IP/Supplementary/SPIO.v"/>
        <Attr Name="ImportTime" Val="1614665862"/>
        <Attr Name="UsedIn" Val="synthesis"/>
        <Attr Name="UsedIn" Val="implementation"/>
        <Attr Name="UsedIn" Val="simulation"/>
      </FileInfo>
    </File>
    <File Path="$PSRCDIR/sources_1/imports/Supplementary/VGA.v">
      <FileInfo>
        <Attr Name="ImportPath" Val="$PPRDIR/IP/Supplementary/VGA.v"/>
        <Attr Name="ImportTime" Val="1646201434"/>
        <Attr Name="UsedIn" Val="synthesis"/>
        <Attr Name="UsedIn" Val="implementation"/>
        <Attr Name="UsedIn" Val="simulation"/>
      </FileInfo>
    </File>
    <File Path="$PSRCDIR/sources_1/imports/Supplementary/clk_div.v">
      <FileInfo>
        <Attr Name="ImportPath" Val="$PPRDIR/IP/Supplementary/clk_div.v"/>
        <Attr Name="ImportTime" Val="1646200926"/>
        <Attr Name="UsedIn" Val="synthesis"/>
        <Attr Name="UsedIn" Val="implementation"/>
        <Attr Name="UsedIn" Val="simulation"/>
      </FileInfo>
    </File>
    <File Path="$PSRCDIR/sources_1/new/CSSTE.v">
      <FileInfo>
        <Attr Name="UsedIn" Val="synthesis"/>
        <Attr Name="UsedIn" Val="implementation"/>
        <Attr Name="UsedIn" Val="simulation"/>
      </FileInfo>
    </File>
    <File Path="$PPRDIR/I_mem.coe">
      <FileInfo>
        <Attr Name="UsedIn" Val="synthesis"/>
        <Attr Name="UsedIn" Val="simulation"/>
      </FileInfo>
    </File>
    <Config>
      <Option Name="DesignMode" Val="RTL"/>
      <Option Name="TopModule" Val="CSSTE"/>
      <Option Name="TopAutoSet" Val="TRUE"/>
    </Config>
  </FileSet>
  <FileSet Name="constrs_in" Type="Constrs" RelSrcDir="$PSRCDIR/constrs_1">
    <Filter Type="Constrs"/>
    <File Path="$PSRCDIR/constrs_1/imports/OExp02-IP2SOC/Org-Sword.xdc">
      <FileInfo>
        <Attr Name="ImportPath" Val="$PPRDIR/../../tea/OExp02-IP2SOC/OExp02-IP2SOC.srcs/constrs_1/imports/OExp02-IP2SOC/Org-Sword.xdc"/>
        <Attr Name="ImportTime" Val="1614860519"/>
        <Attr Name="UsedIn" Val="synthesis"/>
        <Attr Name="UsedIn" Val="implementation"/>
      </FileInfo>
    </File>
    <Config>
      <Option Name="ConstrsType" Val="XDC"/>
    </Config>
  </FileSet>
  <Strategy Version="1" Minor="2">
    <StratHandle Name="Vivado Synthesis Defaults" Flow="Vivado Synthesis 2017">
      <Desc>Vivado Synthesis Defaults</Desc>
    </StratHandle>
    <Step Id="synth_design"/>
  </Strategy>
</GenRun>
