<?xml version="1.0" encoding="UTF-8"?>
<GenRun Id="impl_1" LaunchPart="xc7k160tffg676-2L" LaunchTime="1646207569">
  <File Type="PWROPT-DCP" Name="CSSTE_pwropt.dcp"/>
  <File Type="ROUTE-PWR" Name="CSSTE_power_routed.rpt"/>
  <File Type="PA-TCL" Name="CSSTE.tcl"/>
  <File Type="ROUTE-PWR-SUM" Name="CSSTE_power_summary_routed.pb"/>
  <File Type="REPORTS-TCL" Name="CSSTE_reports.tcl"/>
  <File Type="BG-DRC" Name="CSSTE.drc"/>
  <File Type="OPT-METHODOLOGY-DRC" Name="CSSTE_methodology_drc_opted.rpt"/>
  <File Type="INIT-TIMING" Name="CSSTE_timing_summary_init.rpt"/>
  <File Type="OPT-HWDEF" Name="CSSTE.hwdef"/>
  <File Type="OPT-DCP" Name="CSSTE_opt.dcp"/>
  <File Type="OPT-DRC" Name="CSSTE_drc_opted.rpt"/>
  <File Type="OPT-TIMING" Name="CSSTE_timing_summary_opted.rpt"/>
  <File Type="PWROPT-DRC" Name="CSSTE_drc_pwropted.rpt"/>
  <File Type="PWROPT-TIMING" Name="CSSTE_timing_summary_pwropted.rpt"/>
  <File Type="PLACE-DCP" Name="CSSTE_placed.dcp"/>
  <File Type="PLACE-IO" Name="CSSTE_io_placed.rpt"/>
  <File Type="PLACE-CLK" Name="CSSTE_clock_utilization_placed.rpt"/>
  <File Type="PLACE-UTIL" Name="CSSTE_utilization_placed.rpt"/>
  <File Type="PLACE-UTIL-PB" Name="CSSTE_utilization_placed.pb"/>
  <File Type="PLACE-CTRL" Name="CSSTE_control_sets_placed.rpt"/>
  <File Type="PLACE-SIMILARITY" Name="CSSTE_incremental_reuse_placed.rpt"/>
  <File Type="PLACE-PRE-SIMILARITY" Name="CSSTE_incremental_reuse_pre_placed.rpt"/>
  <File Type="PLACE-TIMING" Name="CSSTE_timing_summary_placed.rpt"/>
  <File Type="POSTPLACE-PWROPT-DCP" Name="CSSTE_postplace_pwropt.dcp"/>
  <File Type="POSTPLACE-PWROPT-TIMING" Name="CSSTE_timing_summary_postplace_pwropted.rpt"/>
  <File Type="PHYSOPT-DCP" Name="CSSTE_physopt.dcp"/>
  <File Type="PHYSOPT-DRC" Name="CSSTE_drc_physopted.rpt"/>
  <File Type="BG-BIT" Name="CSSTE.bit"/>
  <File Type="PHYSOPT-TIMING" Name="CSSTE_timing_summary_physopted.rpt"/>
  <File Type="ROUTE-ERROR-DCP" Name="CSSTE_routed_error.dcp"/>
  <File Type="ROUTE-DCP" Name="CSSTE_routed.dcp"/>
  <File Type="ROUTE-BLACKBOX-DCP" Name="CSSTE_routed_bb.dcp"/>
  <File Type="ROUTE-DRC" Name="CSSTE_drc_routed.rpt"/>
  <File Type="ROUTE-DRC-PB" Name="CSSTE_drc_routed.pb"/>
  <File Type="BITSTR-MSK" Name="CSSTE.msk"/>
  <File Type="ROUTE-DRC-RPX" Name="CSSTE_drc_routed.rpx"/>
  <File Type="BG-BGN" Name="CSSTE.bgn"/>
  <File Type="ROUTE-METHODOLOGY-DRC" Name="CSSTE_methodology_drc_routed.rpt"/>
  <File Type="BITSTR-RBT" Name="CSSTE.rbt"/>
  <File Type="ROUTE-METHODOLOGY-DRC-RPX" Name="CSSTE_methodology_drc_routed.rpx"/>
  <File Type="BG-BIN" Name="CSSTE.bin"/>
  <File Type="ROUTE-METHODOLOGY-DRC-PB" Name="CSSTE_methodology_drc_routed.pb"/>
  <File Type="ROUTE-PWR-RPX" Name="CSSTE_power_routed.rpx"/>
  <File Type="ROUTE-STATUS" Name="CSSTE_route_status.rpt"/>
  <File Type="ROUTE-STATUS-PB" Name="CSSTE_route_status.pb"/>
  <File Type="ROUTE-TIMINGSUMMARY" Name="CSSTE_timing_summary_routed.rpt"/>
  <File Type="ROUTE-TIMING-PB" Name="CSSTE_timing_summary_routed.pb"/>
  <File Type="ROUTE-TIMING-RPX" Name="CSSTE_timing_summary_routed.rpx"/>
  <File Type="ROUTE-SIMILARITY" Name="CSSTE_incremental_reuse_routed.rpt"/>
  <File Type="RDI-RDI" Name="CSSTE.vdi"/>
  <File Type="ROUTE-CLK" Name="CSSTE_clock_utilization_routed.rpt"/>
  <File Type="POSTROUTE-PHYSOPT-DCP" Name="CSSTE_postroute_physopt.dcp"/>
  <File Type="POSTROUTE-PHYSOPT-BLACKBOX-DCP" Name="CSSTE_postroute_physopt_bb.dcp"/>
  <File Type="POSTROUTE-PHYSOPT-TIMING" Name="CSSTE_timing_summary_postroute_physopted.rpt"/>
  <File Type="POSTROUTE-PHYSOPT-TIMING-PB" Name="CSSTE_timing_summary_postroute_physopted.pb"/>
  <File Type="POSTROUTE-PHYSOPT-TIMING-RPX" Name="CSSTE_timing_summary_postroute_physopted.rpx"/>
  <File Type="BITSTR-NKY" Name="CSSTE.nky"/>
  <File Type="BITSTR-BMM" Name="CSSTE_bd.bmm"/>
  <File Type="BITSTR-MMI" Name="CSSTE.mmi"/>
  <File Type="BITSTR-LTX" Name="debug_nets.ltx"/>
  <File Type="BITSTR-LTX" Name="CSSTE.ltx"/>
  <File Type="BITSTR-SYSDEF" Name="CSSTE.sysdef"/>
  <File Type="WBT-USG" Name="usage_statistics_webtalk.html"/>
  <FileSet Name="sources" Type="DesignSrcs" RelSrcDir="$PSRCDIR/sources_1">
    <Filter Type="Srcs"/>
    <File Path="$PSRCDIR/sources_1/imports/Supplementary/VGA.edf">
      <FileInfo>
        <Attr Name="ImportPath" Val="$PPRDIR/IP/Supplementary/VGA.edf"/>
        <Attr Name="ImportTime" Val="1646201451"/>
        <Attr Name="UsedIn" Val="synthesis"/>
        <Attr Name="UsedIn" Val="implementation"/>
      </FileInfo>
    </File>
    <File Path="$PSRCDIR/sources_1/imports/Supplementary/Counter_x.edf">
      <FileInfo>
        <Attr Name="ImportPath" Val="$PPRDIR/IP/Supplementary/Counter_x.edf"/>
        <Attr Name="ImportTime" Val="1615340655"/>
        <Attr Name="UsedIn" Val="synthesis"/>
        <Attr Name="UsedIn" Val="implementation"/>
      </FileInfo>
    </File>
    <File Path="$PSRCDIR/sources_1/imports/Supplementary/SAnti_jitter.edf">
      <FileInfo>
        <Attr Name="ImportPath" Val="$PPRDIR/IP/Supplementary/SAnti_jitter.edf"/>
        <Attr Name="ImportTime" Val="1614665180"/>
        <Attr Name="UsedIn" Val="synthesis"/>
        <Attr Name="UsedIn" Val="implementation"/>
      </FileInfo>
    </File>
    <File Path="$PSRCDIR/sources_1/imports/Supplementary/clk_div.edf">
      <FileInfo>
        <Attr Name="ImportPath" Val="$PPRDIR/IP/Supplementary/clk_div.edf"/>
        <Attr Name="ImportTime" Val="1646200966"/>
        <Attr Name="UsedIn" Val="synthesis"/>
        <Attr Name="UsedIn" Val="implementation"/>
      </FileInfo>
    </File>
    <File Path="$PSRCDIR/sources_1/imports/Supplementary/SPIO.edf">
      <FileInfo>
        <Attr Name="ImportPath" Val="$PPRDIR/IP/Supplementary/SPIO.edf"/>
        <Attr Name="ImportTime" Val="1614665914"/>
        <Attr Name="UsedIn" Val="synthesis"/>
        <Attr Name="UsedIn" Val="implementation"/>
      </FileInfo>
    </File>
    <File Path="$PSRCDIR/sources_1/ip/SSeg7_Dev_0/SSeg7_Dev_0.xci">
      <FileInfo>
        <Attr Name="UsedIn" Val="synthesis"/>
        <Attr Name="UsedIn" Val="implementation"/>
        <Attr Name="UsedIn" Val="simulation"/>
      </FileInfo>
    </File>
    <File Path="$PSRCDIR/sources_1/imports/Supplementary/Multi_8CH32.edf">
      <FileInfo>
        <Attr Name="ImportPath" Val="$PPRDIR/IP/Supplementary/Multi_8CH32.edf"/>
        <Attr Name="ImportTime" Val="1614655043"/>
        <Attr Name="UsedIn" Val="synthesis"/>
        <Attr Name="UsedIn" Val="implementation"/>
      </FileInfo>
    </File>
    <File Path="$PSRCDIR/sources_1/imports/Supplementary/MIO_BUS.edf">
      <FileInfo>
        <Attr Name="ImportPath" Val="$PPRDIR/IP/Supplementary/MIO_BUS.edf"/>
        <Attr Name="ImportTime" Val="1614576975"/>
        <Attr Name="UsedIn" Val="synthesis"/>
        <Attr Name="UsedIn" Val="implementation"/>
      </FileInfo>
    </File>
    <File Path="$PSRCDIR/sources_1/imports/Supplementary/RAM_B.edf">
      <FileInfo>
        <Attr Name="ImportPath" Val="$PPRDIR/IP/Supplementary/RAM_B.edf"/>
        <Attr Name="ImportTime" Val="1646201682"/>
        <Attr Name="UsedIn" Val="synthesis"/>
        <Attr Name="UsedIn" Val="implementation"/>
      </FileInfo>
    </File>
    <File Path="$PSRCDIR/sources_1/ip/ROM_D_0/ROM_D_0.xci">
      <FileInfo>
        <Attr Name="UsedIn" Val="synthesis"/>
        <Attr Name="UsedIn" Val="implementation"/>
        <Attr Name="UsedIn" Val="simulation"/>
      </FileInfo>
    </File>
    <File Path="$PSRCDIR/sources_1/imports/CPU/SCPU.edf">
      <FileInfo>
        <Attr Name="ImportPath" Val="$PPRDIR/IP/CPU/SCPU.edf"/>
        <Attr Name="ImportTime" Val="1646202978"/>
        <Attr Name="UsedIn" Val="synthesis"/>
        <Attr Name="UsedIn" Val="implementation"/>
      </FileInfo>
    </File>
    <File Path="$PSRCDIR/sources_1/imports/Supplementary/Counter_x.v">
      <FileInfo>
        <Attr Name="ImportPath" Val="$PPRDIR/IP/Supplementary/Counter_x.v"/>
        <Attr Name="ImportTime" Val="1615340629"/>
        <Attr Name="UsedIn" Val="synthesis"/>
        <Attr Name="UsedIn" Val="implementation"/>
        <Attr Name="UsedIn" Val="simulation"/>
      </FileInfo>
    </File>
    <File Path="$PSRCDIR/sources_1/imports/Supplementary/MIO_BUS.v">
      <FileInfo>
        <Attr Name="ImportPath" Val="$PPRDIR/IP/Supplementary/MIO_BUS.v"/>
        <Attr Name="ImportTime" Val="1614576941"/>
        <Attr Name="UsedIn" Val="synthesis"/>
        <Attr Name="UsedIn" Val="implementation"/>
        <Attr Name="UsedIn" Val="simulation"/>
      </FileInfo>
    </File>
    <File Path="$PSRCDIR/sources_1/imports/Supplementary/Multi_8CH32.v">
      <FileInfo>
        <Attr Name="ImportPath" Val="$PPRDIR/IP/Supplementary/Multi_8CH32.v"/>
        <Attr Name="ImportTime" Val="1614654974"/>
        <Attr Name="UsedIn" Val="synthesis"/>
        <Attr Name="UsedIn" Val="implementation"/>
        <Attr Name="UsedIn" Val="simulation"/>
      </FileInfo>
    </File>
    <File Path="$PSRCDIR/sources_1/imports/Supplementary/RAM_B.v">
      <FileInfo>
        <Attr Name="ImportPath" Val="$PPRDIR/IP/Supplementary/RAM_B.v"/>
        <Attr Name="ImportTime" Val="1646201661"/>
        <Attr Name="UsedIn" Val="synthesis"/>
        <Attr Name="UsedIn" Val="implementation"/>
        <Attr Name="UsedIn" Val="simulation"/>
      </FileInfo>
    </File>
    <File Path="$PSRCDIR/sources_1/imports/Supplementary/SAnti_jitter.v">
      <FileInfo>
        <Attr Name="ImportPath" Val="$PPRDIR/IP/Supplementary/SAnti_jitter.v"/>
        <Attr Name="ImportTime" Val="1614665114"/>
        <Attr Name="UsedIn" Val="synthesis"/>
        <Attr Name="UsedIn" Val="implementation"/>
        <Attr Name="UsedIn" Val="simulation"/>
      </FileInfo>
    </File>
    <File Path="$PSRCDIR/sources_1/imports/CPU/SCPU.v">
      <FileInfo>
        <Attr Name="ImportPath" Val="$PPRDIR/IP/CPU/SCPU.v"/>
        <Attr Name="ImportTime" Val="1646202959"/>
        <Attr Name="UsedIn" Val="synthesis"/>
        <Attr Name="UsedIn" Val="implementation"/>
        <Attr Name="UsedIn" Val="simulation"/>
      </FileInfo>
    </File>
    <File Path="$PSRCDIR/sources_1/imports/Supplementary/SPIO.v">
      <FileInfo>
        <Attr Name="ImportPath" Val="$PPRDIR/IP/Supplementary/SPIO.v"/>
        <Attr Name="ImportTime" Val="1614665862"/>
        <Attr Name="UsedIn" Val="synthesis"/>
        <Attr Name="UsedIn" Val="implementation"/>
        <Attr Name="UsedIn" Val="simulation"/>
      </FileInfo>
    </File>
    <File Path="$PSRCDIR/sources_1/imports/Supplementary/VGA.v">
      <FileInfo>
        <Attr Name="ImportPath" Val="$PPRDIR/IP/Supplementary/VGA.v"/>
        <Attr Name="ImportTime" Val="1646201434"/>
        <Attr Name="UsedIn" Val="synthesis"/>
        <Attr Name="UsedIn" Val="implementation"/>
        <Attr Name="UsedIn" Val="simulation"/>
      </FileInfo>
    </File>
    <File Path="$PSRCDIR/sources_1/imports/Supplementary/clk_div.v">
      <FileInfo>
        <Attr Name="ImportPath" Val="$PPRDIR/IP/Supplementary/clk_div.v"/>
        <Attr Name="ImportTime" Val="1646200926"/>
        <Attr Name="UsedIn" Val="synthesis"/>
        <Attr Name="UsedIn" Val="implementation"/>
        <Attr Name="UsedIn" Val="simulation"/>
      </FileInfo>
    </File>
    <File Path="$PSRCDIR/sources_1/new/CSSTE.v">
      <FileInfo>
        <Attr Name="UsedIn" Val="synthesis"/>
        <Attr Name="UsedIn" Val="implementation"/>
        <Attr Name="UsedIn" Val="simulation"/>
      </FileInfo>
    </File>
    <File Path="$PPRDIR/I_mem.coe">
      <FileInfo>
        <Attr Name="UsedIn" Val="synthesis"/>
        <Attr Name="UsedIn" Val="simulation"/>
      </FileInfo>
    </File>
    <Config>
      <Option Name="DesignMode" Val="RTL"/>
      <Option Name="TopModule" Val="CSSTE"/>
      <Option Name="TopAutoSet" Val="TRUE"/>
    </Config>
  </FileSet>
  <FileSet Name="constrs_in" Type="Constrs" RelSrcDir="$PSRCDIR/constrs_1">
    <Filter Type="Constrs"/>
    <File Path="$PSRCDIR/constrs_1/imports/OExp02-IP2SOC/Org-Sword.xdc">
      <FileInfo>
        <Attr Name="ImportPath" Val="$PPRDIR/../../tea/OExp02-IP2SOC/OExp02-IP2SOC.srcs/constrs_1/imports/OExp02-IP2SOC/Org-Sword.xdc"/>
        <Attr Name="ImportTime" Val="1614860519"/>
        <Attr Name="UsedIn" Val="synthesis"/>
        <Attr Name="UsedIn" Val="implementation"/>
      </FileInfo>
    </File>
    <Config>
      <Option Name="ConstrsType" Val="XDC"/>
    </Config>
  </FileSet>
  <Strategy Version="1" Minor="2">
    <StratHandle Name="Vivado Implementation Defaults" Flow="Vivado Implementation 2017">
      <Desc>Default settings for Implementation.</Desc>
    </StratHandle>
    <Step Id="init_design"/>
    <Step Id="opt_design"/>
    <Step Id="power_opt_design"/>
    <Step Id="place_design"/>
    <Step Id="post_place_power_opt_design"/>
    <Step Id="phys_opt_design"/>
    <Step Id="route_design"/>
    <Step Id="post_route_phys_opt_design"/>
    <Step Id="write_bitstream"/>
  </Strategy>
</GenRun>
