<?xml version="1.0"?>
<Runs Version="1" Minor="0">
	<Run Id="ROM_D_synth_1" LaunchDir="D:/14.7/LabofCOAD/project5/OExp02-IP2SOC_inter/OExp02-IP2SOC.runs/ROM_D_synth_1" FlowId="Vivado_Synthesis" FromStepId="vivado" ToStepId="vivado"/>
	<Run Id="synth_1" LaunchDir="D:/14.7/LabofCOAD/project5/OExp02-IP2SOC_inter/OExp02-IP2SOC.runs/synth_1" FlowId="Vivado_Synthesis" FromStepId="vivado" ToStepId="vivado">
		<Parent Id="ROM_D_synth_1"/>
	</Run>
	<Run Id="impl_1" LaunchDir="D:/14.7/LabofCOAD/project5/OExp02-IP2SOC_inter/OExp02-IP2SOC.runs/impl_1" FlowId="Vivado_Implementation" FromStepId="init_design" ToStepId="write_bitstream">
		<Parent Id="synth_1"/>
		<Parent Id="ROM_D_synth_1"/>
	</Run>
</Runs>

